trend_name,trend_url,trend_query,tweet_volume,searched_at_datetime,searched_in_country
#AFLFreoBlues,http://twitter.com/search?q=%23AFLFreoBlues,%23AFLFreoBlues,,2021-07-03 12:15:17.702479,Australia
#NRLKnightsCowboys,http://twitter.com/search?q=%23NRLKnightsCowboys,%23NRLKnightsCowboys,,2021-07-03 12:15:17.702479,Australia
#AFLHawksPower,http://twitter.com/search?q=%23AFLHawksPower,%23AFLHawksPower,,2021-07-03 12:15:17.702479,Australia
#AFLHawksPort,http://twitter.com/search?q=%23AFLHawksPort,%23AFLHawksPort,,2021-07-03 12:15:17.702479,Australia
#afldockersblues,http://twitter.com/search?q=%23afldockersblues,%23afldockersblues,,2021-07-03 12:15:17.702479,Australia
#NRLRaidersTitans,http://twitter.com/search?q=%23NRLRaidersTitans,%23NRLRaidersTitans,,2021-07-03 12:15:17.702479,Australia
#AFLCrowsLions,http://twitter.com/search?q=%23AFLCrowsLions,%23AFLCrowsLions,,2021-07-03 12:15:17.702479,Australia
#mockdown,http://twitter.com/search?q=%23mockdown,%23mockdown,,2021-07-03 12:15:17.702479,Australia
#Silk400,http://twitter.com/search?q=%23Silk400,%23Silk400,,2021-07-03 12:15:17.702479,Australia
#ComeOutCharging,http://twitter.com/search?q=%23ComeOutCharging,%23ComeOutCharging,,2021-07-03 12:15:17.702479,Australia
#trolltips,http://twitter.com/search?q=%23trolltips,%23trolltips,,2021-07-03 12:15:17.702479,Australia
#FlicksNoChills,http://twitter.com/search?q=%23FlicksNoChills,%23FlicksNoChills,,2021-07-03 12:15:17.702479,Australia
#GladysTheSuperSpreader,http://twitter.com/search?q=%23GladysTheSuperSpreader,%23GladysTheSuperSpreader,,2021-07-03 12:15:17.702479,Australia
#afldeesgiants,http://twitter.com/search?q=%23afldeesgiants,%23afldeesgiants,,2021-07-03 12:15:17.702479,Australia
#NZLvTGA,http://twitter.com/search?q=%23NZLvTGA,%23NZLvTGA,,2021-07-03 12:15:17.702479,Australia
#upthemilk,http://twitter.com/search?q=%23upthemilk,%23upthemilk,,2021-07-03 12:15:17.702479,Australia
#weflyasone,http://twitter.com/search?q=%23weflyasone,%23weflyasone,,2021-07-03 12:15:17.702479,Australia
#SSNLightningVixens,http://twitter.com/search?q=%23SSNLightningVixens,%23SSNLightningVixens,,2021-07-03 12:15:17.702479,Australia
#basquetenosportv,http://twitter.com/search?q=%23basquetenosportv,%23basquetenosportv,,2021-07-03 12:15:17.702479,Brazil
#3JForaBolsonaro,http://twitter.com/search?q=%233JForaBolsonaro,%233JForaBolsonaro,54544.0,2021-07-03 12:15:17.702479,Brazil
#3JPovoNasRuas,http://twitter.com/search?q=%233JPovoNasRuas,%233JPovoNasRuas,10882.0,2021-07-03 12:15:17.702479,Brazil
#GoFLA,http://twitter.com/search?q=%23GoFLA,%23GoFLA,,2021-07-03 12:15:17.702479,Brazil
#goLOUD,http://twitter.com/search?q=%23goLOUD,%23goLOUD,13151.0,2021-07-03 12:15:17.702479,Brazil
#Caturday,http://twitter.com/search?q=%23Caturday,%23Caturday,,2021-07-03 12:15:17.702479,Canada
#SaturdayMorning,http://twitter.com/search?q=%23SaturdayMorning,%23SaturdayMorning,13718.0,2021-07-03 12:15:17.702479,Canada
#YorubaNationNow,http://twitter.com/search?q=%23YorubaNationNow,%23YorubaNationNow,13684.0,2021-07-03 12:15:17.702479,Canada
#lapresseplus,http://twitter.com/search?q=%23lapresseplus,%23lapresseplus,,2021-07-03 12:15:17.702479,Canada
#digitalmarketing,http://twitter.com/search?q=%23digitalmarketing,%23digitalmarketing,,2021-07-03 12:15:17.702479,Canada
#Samaritaine,http://twitter.com/search?q=%23Samaritaine,%23Samaritaine,,2021-07-03 12:15:17.702479,France
#FreebetUnibetVPronos,http://twitter.com/search?q=%23FreebetUnibetVPronos,%23FreebetUnibetVPronos,,2021-07-03 12:15:17.702479,France
#SamWarcraft,http://twitter.com/search?q=%23SamWarcraft,%23SamWarcraft,,2021-07-03 12:15:17.702479,France
#BelgeDansUnTitre,http://twitter.com/search?q=%23BelgeDansUnTitre,%23BelgeDansUnTitre,,2021-07-03 12:15:17.702479,France
#Fillon,http://twitter.com/search?q=%23Fillon,%23Fillon,,2021-07-03 12:15:17.702479,France
#GolfeduMexique,http://twitter.com/search?q=%23GolfeduMexique,%23GolfeduMexique,,2021-07-03 12:15:17.702479,France
#LES2021,http://twitter.com/search?q=%23LES2021,%23LES2021,,2021-07-03 12:15:17.702479,France
#FreebetPMU,http://twitter.com/search?q=%23FreebetPMU,%23FreebetPMU,,2021-07-03 12:15:17.702479,France
#Perpignan,http://twitter.com/search?q=%23Perpignan,%23Perpignan,,2021-07-03 12:15:17.702479,France
#REAix2021,http://twitter.com/search?q=%23REAix2021,%23REAix2021,,2021-07-03 12:15:17.702479,France
#AustrianGP,http://twitter.com/search?q=%23AustrianGP,%23AustrianGP,44708.0,2021-07-03 12:15:17.702479,France
#MercatOM,http://twitter.com/search?q=%23MercatOM,%23MercatOM,,2021-07-03 12:15:17.702479,France
#MaillotParionsSport,http://twitter.com/search?q=%23MaillotParionsSport,%23MaillotParionsSport,,2021-07-03 12:15:17.702479,France
#Veran,http://twitter.com/search?q=%23Veran,%23Veran,,2021-07-03 12:15:17.702479,France
#NonAuVaccinObligatoire,http://twitter.com/search?q=%23NonAuVaccinObligatoire,%23NonAuVaccinObligatoire,,2021-07-03 12:15:17.702479,France
#JuilletNostalgie,http://twitter.com/search?q=%23JuilletNostalgie,%23JuilletNostalgie,,2021-07-03 12:15:17.702479,France
#MamaStreikt,http://twitter.com/search?q=%23MamaStreikt,%23MamaStreikt,,2021-07-03 12:15:17.702479,Germany
#b0307,http://twitter.com/search?q=%23b0307,%23b0307,,2021-07-03 12:15:17.702479,Germany
#Laschet,http://twitter.com/search?q=%23Laschet,%23Laschet,11602.0,2021-07-03 12:15:17.702479,Germany
#Caturday,http://twitter.com/search?q=%23Caturday,%23Caturday,,2021-07-03 12:15:17.702479,Germany
#lptnrw211,http://twitter.com/search?q=%23lptnrw211,%23lptnrw211,,2021-07-03 12:15:17.702479,Germany
#RafaleScam,http://twitter.com/search?q=%23RafaleScam,%23RafaleScam,35508.0,2021-07-03 12:15:17.702479,India
#DrugFreeAssam,http://twitter.com/search?q=%23DrugFreeAssam,%23DrugFreeAssam,,2021-07-03 12:15:17.702479,India
#राफेल_का_सच_छुपेगा_नहीं,http://twitter.com/search?q=%23%E0%A4%B0%E0%A4%BE%E0%A4%AB%E0%A5%87%E0%A4%B2_%E0%A4%95%E0%A4%BE_%E0%A4%B8%E0%A4%9A_%E0%A4%9B%E0%A5%81%E0%A4%AA%E0%A5%87%E0%A4%97%E0%A4%BE_%E0%A4%A8%E0%A4%B9%E0%A5%80%E0%A4%82,%23%E0%A4%B0%E0%A4%BE%E0%A4%AB%E0%A5%87%E0%A4%B2_%E0%A4%95%E0%A4%BE_%E0%A4%B8%E0%A4%9A_%E0%A4%9B%E0%A5%81%E0%A4%AA%E0%A5%87%E0%A4%97%E0%A4%BE_%E0%A4%A8%E0%A4%B9%E0%A5%80%E0%A4%82,29509.0,2021-07-03 12:15:17.702479,India
#AamirKhan,http://twitter.com/search?q=%23AamirKhan,%23AamirKhan,27658.0,2021-07-03 12:15:17.702479,India
#PushkarSinghDhami,http://twitter.com/search?q=%23PushkarSinghDhami,%23PushkarSinghDhami,,2021-07-03 12:15:17.702479,India
#RKVwithvivoV21e,http://twitter.com/search?q=%23RKVwithvivoV21e,%23RKVwithvivoV21e,,2021-07-03 12:15:17.702479,India
#हर_पंचायत_भाजपा,http://twitter.com/search?q=%23%E0%A4%B9%E0%A4%B0_%E0%A4%AA%E0%A4%82%E0%A4%9A%E0%A4%BE%E0%A4%AF%E0%A4%A4_%E0%A4%AD%E0%A4%BE%E0%A4%9C%E0%A4%AA%E0%A4%BE,%23%E0%A4%B9%E0%A4%B0_%E0%A4%AA%E0%A4%82%E0%A4%9A%E0%A4%BE%E0%A4%AF%E0%A4%A4_%E0%A4%AD%E0%A4%BE%E0%A4%9C%E0%A4%AA%E0%A4%BE,,2021-07-03 12:15:17.702479,India
#AbKoiBhiReasonChalega,http://twitter.com/search?q=%23AbKoiBhiReasonChalega,%23AbKoiBhiReasonChalega,,2021-07-03 12:15:17.702479,India
#PrabhasAdvBdayOnJuly14,http://twitter.com/search?q=%23PrabhasAdvBdayOnJuly14,%23PrabhasAdvBdayOnJuly14,,2021-07-03 12:15:17.702479,India
#UttarakhandCM,http://twitter.com/search?q=%23UttarakhandCM,%23UttarakhandCM,,2021-07-03 12:15:17.702479,India
#LoveJihad,http://twitter.com/search?q=%23LoveJihad,%23LoveJihad,11908.0,2021-07-03 12:15:17.702479,India
#फिर_से_योगी_सुनो_ओवैसी,http://twitter.com/search?q=%23%E0%A4%AB%E0%A4%BF%E0%A4%B0_%E0%A4%B8%E0%A5%87_%E0%A4%AF%E0%A5%8B%E0%A4%97%E0%A5%80_%E0%A4%B8%E0%A5%81%E0%A4%A8%E0%A5%8B_%E0%A4%93%E0%A4%B5%E0%A5%88%E0%A4%B8%E0%A5%80,%23%E0%A4%AB%E0%A4%BF%E0%A4%B0_%E0%A4%B8%E0%A5%87_%E0%A4%AF%E0%A5%8B%E0%A4%97%E0%A5%80_%E0%A4%B8%E0%A5%81%E0%A4%A8%E0%A5%8B_%E0%A4%93%E0%A4%B5%E0%A5%88%E0%A4%B8%E0%A5%80,56848.0,2021-07-03 12:15:17.702479,India
#FatimaSanaShaikh,http://twitter.com/search?q=%23FatimaSanaShaikh,%23FatimaSanaShaikh,,2021-07-03 12:15:17.702479,India
#HappyBirthdayTomCruise,http://twitter.com/search?q=%23HappyBirthdayTomCruise,%23HappyBirthdayTomCruise,,2021-07-03 12:15:17.702479,India
#CaptainDePowerCut,http://twitter.com/search?q=%23CaptainDePowerCut,%23CaptainDePowerCut,16185.0,2021-07-03 12:15:17.702479,India
#MyntraEORS2021,http://twitter.com/search?q=%23MyntraEORS2021,%23MyntraEORS2021,,2021-07-03 12:15:17.702479,India
#ArrestVedPrakash,http://twitter.com/search?q=%23ArrestVedPrakash,%23ArrestVedPrakash,12382.0,2021-07-03 12:15:17.702479,India
#ScSt_नेताओं_होश_में_आओ,http://twitter.com/search?q=%23ScSt_%E0%A4%A8%E0%A5%87%E0%A4%A4%E0%A4%BE%E0%A4%93%E0%A4%82_%E0%A4%B9%E0%A5%8B%E0%A4%B6_%E0%A4%AE%E0%A5%87%E0%A4%82_%E0%A4%86%E0%A4%93,%23ScSt_%E0%A4%A8%E0%A5%87%E0%A4%A4%E0%A4%BE%E0%A4%93%E0%A4%82_%E0%A4%B9%E0%A5%8B%E0%A4%B6_%E0%A4%AE%E0%A5%87%E0%A4%82_%E0%A4%86%E0%A4%93,10473.0,2021-07-03 12:15:17.702479,India
#BoyCottHimachalBjp,http://twitter.com/search?q=%23BoyCottHimachalBjp,%23BoyCottHimachalBjp,20797.0,2021-07-03 12:15:17.702479,India
#ChowkidarChorHai,http://twitter.com/search?q=%23ChowkidarChorHai,%23ChowkidarChorHai,,2021-07-03 12:15:17.702479,India
#चौकीदार_ही_चोर_है,http://twitter.com/search?q=%23%E0%A4%9A%E0%A5%8C%E0%A4%95%E0%A5%80%E0%A4%A6%E0%A4%BE%E0%A4%B0_%E0%A4%B9%E0%A5%80_%E0%A4%9A%E0%A5%8B%E0%A4%B0_%E0%A4%B9%E0%A5%88,%23%E0%A4%9A%E0%A5%8C%E0%A4%95%E0%A5%80%E0%A4%A6%E0%A4%BE%E0%A4%B0_%E0%A4%B9%E0%A5%80_%E0%A4%9A%E0%A5%8B%E0%A4%B0_%E0%A4%B9%E0%A5%88,,2021-07-03 12:15:17.702479,India
#RAPO19,http://twitter.com/search?q=%23RAPO19,%23RAPO19,,2021-07-03 12:15:17.702479,India
#IndiasBiggestFashionSale,http://twitter.com/search?q=%23IndiasBiggestFashionSale,%23IndiasBiggestFashionSale,,2021-07-03 12:15:17.702479,India
#30லட்சத்தில்நானும்ஒருவன்,http://twitter.com/search?q=%2330%E0%AE%B2%E0%AE%9F%E0%AF%8D%E0%AE%9A%E0%AE%A4%E0%AF%8D%E0%AE%A4%E0%AE%BF%E0%AE%B2%E0%AF%8D%E0%AE%A8%E0%AE%BE%E0%AE%A9%E0%AF%81%E0%AE%AE%E0%AF%8D%E0%AE%92%E0%AE%B0%E0%AF%81%E0%AE%B5%E0%AE%A9%E0%AF%8D,%2330%E0%AE%B2%E0%AE%9F%E0%AF%8D%E0%AE%9A%E0%AE%A4%E0%AF%8D%E0%AE%A4%E0%AE%BF%E0%AE%B2%E0%AF%8D%E0%AE%A8%E0%AE%BE%E0%AE%A9%E0%AF%81%E0%AE%AE%E0%AF%8D%E0%AE%92%E0%AE%B0%E0%AF%81%E0%AE%B5%E0%AE%A9%E0%AF%8D,12477.0,2021-07-03 12:15:17.702479,India
#MehreenPirzada,http://twitter.com/search?q=%23MehreenPirzada,%23MehreenPirzada,,2021-07-03 12:15:17.702479,India
#salviniportasfiga,http://twitter.com/search?q=%23salviniportasfiga,%23salviniportasfiga,,2021-07-03 12:15:17.702479,Italy
#3luglio,http://twitter.com/search?q=%233luglio,%233luglio,,2021-07-03 12:15:17.702479,Italy
#PreOlimpicoTipo,http://twitter.com/search?q=%23PreOlimpicoTipo,%23PreOlimpicoTipo,,2021-07-03 12:15:17.702479,Italy
#Sinner,http://twitter.com/search?q=%23Sinner,%23Sinner,,2021-07-03 12:15:17.702479,Italy
#twittamibeautiful,http://twitter.com/search?q=%23twittamibeautiful,%23twittamibeautiful,,2021-07-03 12:15:17.702479,Italy
#indiegame,http://twitter.com/search?q=%23indiegame,%23indiegame,16644.0,2021-07-03 12:15:17.702479,Ukraine
#indiedev,http://twitter.com/search?q=%23indiedev,%23indiedev,22223.0,2021-07-03 12:15:17.702479,Ukraine
#gamedev,http://twitter.com/search?q=%23gamedev,%23gamedev,28150.0,2021-07-03 12:15:17.702479,Ukraine
#GenshinImpact,http://twitter.com/search?q=%23GenshinImpact,%23GenshinImpact,151624.0,2021-07-03 12:15:17.702479,Ukraine
#drawing,http://twitter.com/search?q=%23drawing,%23drawing,16239.0,2021-07-03 12:15:17.702479,Ukraine
#FelizSabado,http://twitter.com/search?q=%23FelizSabado,%23FelizSabado,,2021-07-03 12:15:17.702479,Mexico
#PrismTimeYellow,http://twitter.com/search?q=%23PrismTimeYellow,%23PrismTimeYellow,,2021-07-03 12:15:17.702479,Mexico
#KimHyunJoong,http://twitter.com/search?q=%23KimHyunJoong,%23KimHyunJoong,,2021-07-03 12:15:17.702479,Mexico
#ONEUSxImmortalSongs,http://twitter.com/search?q=%23ONEUSxImmortalSongs,%23ONEUSxImmortalSongs,28106.0,2021-07-03 12:15:17.702479,Mexico
#FIBAOQT,http://twitter.com/search?q=%23FIBAOQT,%23FIBAOQT,,2021-07-03 12:15:17.702479,Mexico
#SaturdayMorning,http://twitter.com/search?q=%23SaturdayMorning,%23SaturdayMorning,13718.0,2021-07-03 12:15:17.702479,United States
#SaturdayMotivation,http://twitter.com/search?q=%23SaturdayMotivation,%23SaturdayMotivation,18375.0,2021-07-03 12:15:17.702479,United States
#SaturdayVibes,http://twitter.com/search?q=%23SaturdayVibes,%23SaturdayVibes,,2021-07-03 12:15:17.702479,United States
#SaturdayThoughts,http://twitter.com/search?q=%23SaturdayThoughts,%23SaturdayThoughts,23397.0,2021-07-03 12:15:17.702479,United States
#FireworkMoviesAndShows,http://twitter.com/search?q=%23FireworkMoviesAndShows,%23FireworkMoviesAndShows,,2021-07-03 12:15:17.702479,United States
#KayJayOrdinaryGuy,http://twitter.com/search?q=%23KayJayOrdinaryGuy,%23KayJayOrdinaryGuy,,2021-07-03 12:15:17.702479,United States
#AkadaFestival,http://twitter.com/search?q=%23AkadaFestival,%23AkadaFestival,,2021-07-03 12:15:17.702479,United States
#AFLLionsSaints,http://twitter.com/search?q=%23AFLLionsSaints,%23AFLLionsSaints,,2021-07-10 12:15:07.075022,Australia
#NRLBulldogsRoosters,http://twitter.com/search?q=%23NRLBulldogsRoosters,%23NRLBulldogsRoosters,,2021-07-10 12:15:07.075022,Australia
#SSNFeverLightning,http://twitter.com/search?q=%23SSNFeverLightning,%23SSNFeverLightning,,2021-07-10 12:15:07.075022,Australia
#AFLBluesCats,http://twitter.com/search?q=%23AFLBluesCats,%23AFLBluesCats,,2021-07-10 12:15:07.075022,Australia
#stateoforigin,http://twitter.com/search?q=%23stateoforigin,%23stateoforigin,,2021-07-10 12:15:07.075022,Australia
#BartyParty,http://twitter.com/search?q=%23BartyParty,%23BartyParty,,2021-07-10 12:15:07.075022,Australia
#TogetherWeRise,http://twitter.com/search?q=%23TogetherWeRise,%23TogetherWeRise,,2021-07-10 12:15:07.075022,Australia
#Wimbledon,http://twitter.com/search?q=%23Wimbledon,%23Wimbledon,73136.0,2021-07-10 12:15:07.075022,Australia
#eaststowin,http://twitter.com/search?q=%23eaststowin,%23eaststowin,,2021-07-10 12:15:07.075022,Australia
#nzlvfij,http://twitter.com/search?q=%23nzlvfij,%23nzlvfij,,2021-07-10 12:15:07.075022,Australia
#CovidIsNotOver,http://twitter.com/search?q=%23CovidIsNotOver,%23CovidIsNotOver,28902.0,2021-07-10 12:15:07.075022,Australia
#AFLHawksFreo,http://twitter.com/search?q=%23AFLHawksFreo,%23AFLHawksFreo,,2021-07-10 12:15:07.075022,Australia
#foreverfreo,http://twitter.com/search?q=%23foreverfreo,%23foreverfreo,,2021-07-10 12:15:07.075022,Australia
#RepcoSC,http://twitter.com/search?q=%23RepcoSC,%23RepcoSC,,2021-07-10 12:15:07.075022,Australia
#neyday,http://twitter.com/search?q=%23neyday,%23neyday,,2021-07-10 12:15:07.075022,Brazil
#QueremosVotoImpresso,http://twitter.com/search?q=%23QueremosVotoImpresso,%23QueremosVotoImpresso,53693.0,2021-07-10 12:15:07.075022,Brazil
#SabadoDetremuraSDV,http://twitter.com/search?q=%23SabadoDetremuraSDV,%23SabadoDetremuraSDV,,2021-07-10 12:15:07.075022,Brazil
#EDeCasa,http://twitter.com/search?q=%23EDeCasa,%23EDeCasa,,2021-07-10 12:15:07.075022,Brazil
#sabadou,http://twitter.com/search?q=%23sabadou,%23sabadou,,2021-07-10 12:15:07.075022,Brazil
#Caturday,http://twitter.com/search?q=%23Caturday,%23Caturday,,2021-07-10 12:15:07.075022,Canada
#ThankYouBTS,http://twitter.com/search?q=%23ThankYouBTS,%23ThankYouBTS,244092.0,2021-07-10 12:15:07.075022,Canada
#KarenBoebert,http://twitter.com/search?q=%23KarenBoebert,%23KarenBoebert,19209.0,2021-07-10 12:15:07.075022,Canada
#SaturdayVibes,http://twitter.com/search?q=%23SaturdayVibes,%23SaturdayVibes,,2021-07-10 12:15:07.075022,Canada
#CancelDougFord,http://twitter.com/search?q=%23CancelDougFord,%23CancelDougFord,,2021-07-10 12:15:07.075022,Canada
#levaccinrendcon,http://twitter.com/search?q=%23levaccinrendcon,%23levaccinrendcon,,2021-07-10 12:15:07.075022,France
#ThankYouBTS,http://twitter.com/search?q=%23ThankYouBTS,%23ThankYouBTS,244092.0,2021-07-10 12:15:07.075022,France
#HappyBirthdayPerrie,http://twitter.com/search?q=%23HappyBirthdayPerrie,%23HappyBirthdayPerrie,,2021-07-10 12:15:07.075022,France
#AlphabetGrecDansUnTitre,http://twitter.com/search?q=%23AlphabetGrecDansUnTitre,%23AlphabetGrecDansUnTitre,,2021-07-10 12:15:07.075022,France
#yr1stats,http://twitter.com/search?q=%23yr1stats,%23yr1stats,,2021-07-10 12:15:07.075022,France
#EstherBejarano,http://twitter.com/search?q=%23EstherBejarano,%23EstherBejarano,,2021-07-10 12:15:07.075022,Germany
#LaschetWelle,http://twitter.com/search?q=%23LaschetWelle,%23LaschetWelle,,2021-07-10 12:15:07.075022,Germany
#ThankYouBTS,http://twitter.com/search?q=%23ThankYouBTS,%23ThankYouBTS,244092.0,2021-07-10 12:15:07.075022,Germany
#Scheuer,http://twitter.com/search?q=%23Scheuer,%23Scheuer,,2021-07-10 12:15:07.075022,Germany
#PeterHeinz,http://twitter.com/search?q=%23PeterHeinz,%23PeterHeinz,,2021-07-10 12:15:07.075022,Germany
#VikramFirstLook,http://twitter.com/search?q=%23VikramFirstLook,%23VikramFirstLook,42948.0,2021-07-10 12:15:07.075022,India
#ThankYouBTS,http://twitter.com/search?q=%23ThankYouBTS,%23ThankYouBTS,244224.0,2021-07-10 12:15:07.075022,India
#FahadFaasil,http://twitter.com/search?q=%23FahadFaasil,%23FahadFaasil,13797.0,2021-07-10 12:15:07.075022,India
#ClutchAces,http://twitter.com/search?q=%23ClutchAces,%23ClutchAces,,2021-07-10 12:15:07.075022,India
#Arambichitom,http://twitter.com/search?q=%23Arambichitom,%23Arambichitom,46787.0,2021-07-10 12:15:07.075022,India
#Acharya,http://twitter.com/search?q=%23Acharya,%23Acharya,26918.0,2021-07-10 12:15:07.075022,India
#KamalHaasan,http://twitter.com/search?q=%23KamalHaasan,%23KamalHaasan,11664.0,2021-07-10 12:15:07.075022,India
#தமிழ்நாடு,http://twitter.com/search?q=%23%E0%AE%A4%E0%AE%AE%E0%AE%BF%E0%AE%B4%E0%AF%8D%E0%AE%A8%E0%AE%BE%E0%AE%9F%E0%AF%81,%23%E0%AE%A4%E0%AE%AE%E0%AE%BF%E0%AE%B4%E0%AF%8D%E0%AE%A8%E0%AE%BE%E0%AE%9F%E0%AF%81,10281.0,2021-07-10 12:15:07.075022,India
#KonguNadu,http://twitter.com/search?q=%23KonguNadu,%23KonguNadu,15048.0,2021-07-10 12:15:07.075022,India
#KathiMahesh,http://twitter.com/search?q=%23KathiMahesh,%23KathiMahesh,,2021-07-10 12:15:07.075022,India
#VijaySethupathi,http://twitter.com/search?q=%23VijaySethupathi,%23VijaySethupathi,,2021-07-10 12:15:07.075022,India
#PopulationControlBill,http://twitter.com/search?q=%23PopulationControlBill,%23PopulationControlBill,,2021-07-10 12:15:07.075022,India
#Siddha,http://twitter.com/search?q=%23Siddha,%23Siddha,11769.0,2021-07-10 12:15:07.075022,India
#योगी_टॉप_टोटी_साफ,http://twitter.com/search?q=%23%E0%A4%AF%E0%A5%8B%E0%A4%97%E0%A5%80_%E0%A4%9F%E0%A5%89%E0%A4%AA_%E0%A4%9F%E0%A5%8B%E0%A4%9F%E0%A5%80_%E0%A4%B8%E0%A4%BE%E0%A4%AB,%23%E0%A4%AF%E0%A5%8B%E0%A4%97%E0%A5%80_%E0%A4%9F%E0%A5%89%E0%A4%AA_%E0%A4%9F%E0%A5%8B%E0%A4%9F%E0%A5%80_%E0%A4%B8%E0%A4%BE%E0%A4%AB,,2021-07-10 12:15:07.075022,India
#19JulyEconomicIndependenceDay,http://twitter.com/search?q=%2319JulyEconomicIndependenceDay,%2319JulyEconomicIndependenceDay,225392.0,2021-07-10 12:15:07.075022,India
#IndiaMaangeRahul,http://twitter.com/search?q=%23IndiaMaangeRahul,%23IndiaMaangeRahul,57117.0,2021-07-10 12:15:07.075022,India
#கொங்குநாடு,http://twitter.com/search?q=%23%E0%AE%95%E0%AF%8A%E0%AE%99%E0%AF%8D%E0%AE%95%E0%AF%81%E0%AE%A8%E0%AE%BE%E0%AE%9F%E0%AF%81,%23%E0%AE%95%E0%AF%8A%E0%AE%99%E0%AF%8D%E0%AE%95%E0%AF%81%E0%AE%A8%E0%AE%BE%E0%AE%9F%E0%AF%81,10343.0,2021-07-10 12:15:07.075022,India
#UmarKoRihaKaro,http://twitter.com/search?q=%23UmarKoRihaKaro,%23UmarKoRihaKaro,,2021-07-10 12:15:07.075022,India
#LokeshKanagaraj,http://twitter.com/search?q=%23LokeshKanagaraj,%23LokeshKanagaraj,,2021-07-10 12:15:07.075022,India
#redditodicittadinanza,http://twitter.com/search?q=%23redditodicittadinanza,%23redditodicittadinanza,,2021-07-10 12:15:07.075022,Italy
#Wattpad,http://twitter.com/search?q=%23Wattpad,%23Wattpad,,2021-07-10 12:15:07.075022,Italy
#10luglio,http://twitter.com/search?q=%2310luglio,%2310luglio,,2021-07-10 12:15:07.075022,Italy
#ItaliaInghilterra,http://twitter.com/search?q=%23ItaliaInghilterra,%23ItaliaInghilterra,,2021-07-10 12:15:07.075022,Italy
#ThankYouBTS,http://twitter.com/search?q=%23ThankYouBTS,%23ThankYouBTS,244452.0,2021-07-10 12:15:07.075022,Italy
#ThankYouBTS,http://twitter.com/search?q=%23ThankYouBTS,%23ThankYouBTS,244224.0,2021-07-10 12:15:07.075022,Ukraine
#jailbaitِ,http://twitter.com/search?q=%23jailbait%D9%90,%23jailbait%D9%90,,2021-07-10 12:15:07.075022,Ukraine
#Airdrop,http://twitter.com/search?q=%23Airdrop,%23Airdrop,176079.0,2021-07-10 12:15:07.075022,Ukraine
#NFTs,http://twitter.com/search?q=%23NFTs,%23NFTs,51320.0,2021-07-10 12:15:07.075022,Ukraine
#thotِ,http://twitter.com/search?q=%23thot%D9%90,%23thot%D9%90,,2021-07-10 12:15:07.075022,Ukraine
#HYUNJIN,http://twitter.com/search?q=%23HYUNJIN,%23HYUNJIN,450179.0,2021-07-10 12:15:07.075022,Ukraine
#BlackWidow,http://twitter.com/search?q=%23BlackWidow,%23BlackWidow,222261.0,2021-07-10 12:15:07.075022,Ukraine
#МояГодовщинаВТвиттере,http://twitter.com/search?q=%23%D0%9C%D0%BE%D1%8F%D0%93%D0%BE%D0%B4%D0%BE%D0%B2%D1%89%D0%B8%D0%BD%D0%B0%D0%92%D0%A2%D0%B2%D0%B8%D1%82%D1%82%D0%B5%D1%80%D0%B5,%23%D0%9C%D0%BE%D1%8F%D0%93%D0%BE%D0%B4%D0%BE%D0%B2%D1%89%D0%B8%D0%BD%D0%B0%D0%92%D0%A2%D0%B2%D0%B8%D1%82%D1%82%D0%B5%D1%80%D0%B5,,2021-07-10 12:15:07.075022,Ukraine
#FelizSabado,http://twitter.com/search?q=%23FelizSabado,%23FelizSabado,,2021-07-10 12:15:07.075022,Mexico
#ThankYouBTS,http://twitter.com/search?q=%23ThankYouBTS,%23ThankYouBTS,244376.0,2021-07-10 12:15:07.075022,Mexico
#SHOWNU,http://twitter.com/search?q=%23SHOWNU,%23SHOWNU,20749.0,2021-07-10 12:15:07.075022,Mexico
#SOSCuba,http://twitter.com/search?q=%23SOSCuba,%23SOSCuba,114305.0,2021-07-10 12:15:07.075022,Mexico
#HelloFuture3rdWin,http://twitter.com/search?q=%23HelloFuture3rdWin,%23HelloFuture3rdWin,416668.0,2021-07-10 12:15:07.075022,Mexico
#KarenBoebert,http://twitter.com/search?q=%23KarenBoebert,%23KarenBoebert,19239.0,2021-07-10 12:15:07.075022,United States
#ThankYouBTS,http://twitter.com/search?q=%23ThankYouBTS,%23ThankYouBTS,244224.0,2021-07-10 12:15:07.075022,United States
#影山シエン3D,http://twitter.com/search?q=%23%E5%BD%B1%E5%B1%B1%E3%82%B7%E3%82%A8%E3%83%B33D,%23%E5%BD%B1%E5%B1%B1%E3%82%B7%E3%82%A8%E3%83%B33D,29275.0,2021-07-10 12:15:07.075022,United States
#SaturdayVibes,http://twitter.com/search?q=%23SaturdayVibes,%23SaturdayVibes,,2021-07-10 12:15:07.075022,United States
#SaturdayThoughts,http://twitter.com/search?q=%23SaturdayThoughts,%23SaturdayThoughts,18247.0,2021-07-10 12:15:07.075022,United States
#AddKittensImproveAnything,http://twitter.com/search?q=%23AddKittensImproveAnything,%23AddKittensImproveAnything,,2021-07-10 12:15:07.075022,United States
#SaturdayMotivation,http://twitter.com/search?q=%23SaturdayMotivation,%23SaturdayMotivation,28933.0,2021-07-10 12:15:07.075022,United States
#satchat,http://twitter.com/search?q=%23satchat,%23satchat,,2021-07-10 12:15:07.075022,United States
#SaturdayMorning,http://twitter.com/search?q=%23SaturdayMorning,%23SaturdayMorning,10904.0,2021-07-10 12:15:07.075022,United States
#njsst,http://twitter.com/search?q=%23njsst,%23njsst,12048.0,2021-07-10 12:15:07.075022,United States
#July10Coup,http://twitter.com/search?q=%23July10Coup,%23July10Coup,293404.0,2021-07-10 12:15:07.075022,United States
#AFLDeesHawks,http://twitter.com/search?q=%23AFLDeesHawks,%23AFLDeesHawks,,2021-07-17 12:15:29.687223,Australia
#AUSvFRA,http://twitter.com/search?q=%23AUSvFRA,%23AUSvFRA,,2021-07-17 12:15:29.687223,Australia
#NRLStormKnights,http://twitter.com/search?q=%23NRLStormKnights,%23NRLStormKnights,,2021-07-17 12:15:29.687223,Australia
#Wallabies,http://twitter.com/search?q=%23Wallabies,%23Wallabies,,2021-07-17 12:15:29.687223,Australia
#SSNFeverThunderbirds,http://twitter.com/search?q=%23SSNFeverThunderbirds,%23SSNFeverThunderbirds,,2021-07-17 12:15:29.687223,Australia
#nrlraiderssharks,http://twitter.com/search?q=%23nrlraiderssharks,%23nrlraiderssharks,,2021-07-17 12:15:29.687223,Australia
#rugby,http://twitter.com/search?q=%23rugby,%23rugby,,2021-07-17 12:15:29.687223,Australia
#AFLSunsDogs,http://twitter.com/search?q=%23AFLSunsDogs,%23AFLSunsDogs,,2021-07-17 12:15:29.687223,Australia
#fratl,http://twitter.com/search?q=%23fratl,%23fratl,,2021-07-17 12:15:29.687223,Australia
#flicksnochills,http://twitter.com/search?q=%23flicksnochills,%23flicksnochills,,2021-07-17 12:15:29.687223,Australia
#trolltips,http://twitter.com/search?q=%23trolltips,%23trolltips,,2021-07-17 12:15:29.687223,Australia
#upthemilk,http://twitter.com/search?q=%23upthemilk,%23upthemilk,,2021-07-17 12:15:29.687223,Australia
#ComeOutCharging,http://twitter.com/search?q=%23ComeOutCharging,%23ComeOutCharging,,2021-07-17 12:15:29.687223,Australia
#mightywest,http://twitter.com/search?q=%23mightywest,%23mightywest,,2021-07-17 12:15:29.687223,Australia
#NZLvFIJ,http://twitter.com/search?q=%23NZLvFIJ,%23NZLvFIJ,,2021-07-17 12:15:29.687223,Australia
#PokemonGOFest2021,http://twitter.com/search?q=%23PokemonGOFest2021,%23PokemonGOFest2021,23971.0,2021-07-17 12:15:29.687223,Australia
#ScottyTheBlameShifter,http://twitter.com/search?q=%23ScottyTheBlameShifter,%23ScottyTheBlameShifter,,2021-07-17 12:15:29.687223,Australia
#StrandedAussies,http://twitter.com/search?q=%23StrandedAussies,%23StrandedAussies,,2021-07-17 12:15:29.687223,Australia
#RepcoSC,http://twitter.com/search?q=%23RepcoSC,%23RepcoSC,,2021-07-17 12:15:29.687223,Australia
#SSNSwiftsGIANTS,http://twitter.com/search?q=%23SSNSwiftsGIANTS,%23SSNSwiftsGIANTS,,2021-07-17 12:15:29.687223,Australia
#EDeCasa,http://twitter.com/search?q=%23EDeCasa,%23EDeCasa,,2021-07-17 12:15:29.687223,Brazil
#sabadou,http://twitter.com/search?q=%23sabadou,%23sabadou,,2021-07-17 12:15:29.687223,Brazil
#PermissionToDance1stWin,http://twitter.com/search?q=%23PermissionToDance1stWin,%23PermissionToDance1stWin,166700.0,2021-07-17 12:15:29.687223,Brazil
#Dia1VaiSerGigante,http://twitter.com/search?q=%23Dia1VaiSerGigante,%23Dia1VaiSerGigante,60788.0,2021-07-17 12:15:29.687223,Brazil
#YiboYHConcert,http://twitter.com/search?q=%23YiboYHConcert,%23YiboYHConcert,36754.0,2021-07-17 12:15:29.687223,Brazil
#Caturday,http://twitter.com/search?q=%23Caturday,%23Caturday,,2021-07-17 12:15:29.687223,Canada
#nspoli,http://twitter.com/search?q=%23nspoli,%23nspoli,,2021-07-17 12:15:29.687223,Canada
#SaturdayThoughts,http://twitter.com/search?q=%23SaturdayThoughts,%23SaturdayThoughts,28050.0,2021-07-17 12:15:29.687223,Canada
#SaturdayMorning,http://twitter.com/search?q=%23SaturdayMorning,%23SaturdayMorning,,2021-07-17 12:15:29.687223,Canada
#WorldEmojiDay,http://twitter.com/search?q=%23WorldEmojiDay,%23WorldEmojiDay,39804.0,2021-07-17 12:15:29.687223,Canada
#AUSFRA,http://twitter.com/search?q=%23AUSFRA,%23AUSFRA,,2021-07-17 12:15:29.687223,France
#manif17juillet,http://twitter.com/search?q=%23manif17juillet,%23manif17juillet,23038.0,2021-07-17 12:15:29.687223,France
#NonAuPassDeLaHonte,http://twitter.com/search?q=%23NonAuPassDeLaHonte,%23NonAuPassDeLaHonte,24170.0,2021-07-17 12:15:29.687223,France
#foutagedegueule,http://twitter.com/search?q=%23foutagedegueule,%23foutagedegueule,,2021-07-17 12:15:29.687223,France
#PassSanitaireDeLaHonte,http://twitter.com/search?q=%23PassSanitaireDeLaHonte,%23PassSanitaireDeLaHonte,,2021-07-17 12:15:29.687223,France
#LaschetDarfNichtKanzlerWerden,http://twitter.com/search?q=%23LaschetDarfNichtKanzlerWerden,%23LaschetDarfNichtKanzlerWerden,,2021-07-17 12:15:29.687223,Germany
#FCUSGD,http://twitter.com/search?q=%23FCUSGD,%23FCUSGD,,2021-07-17 12:15:29.687223,Germany
#KatastrophenLaschet,http://twitter.com/search?q=%23KatastrophenLaschet,%23KatastrophenLaschet,,2021-07-17 12:15:29.687223,Germany
#Brandner,http://twitter.com/search?q=%23Brandner,%23Brandner,,2021-07-17 12:15:29.687223,Germany
#S04MV,http://twitter.com/search?q=%23S04MV,%23S04MV,,2021-07-17 12:15:29.687223,Germany
#SuriyaBdayCDPCarnival,http://twitter.com/search?q=%23SuriyaBdayCDPCarnival,%23SuriyaBdayCDPCarnival,238417.0,2021-07-17 12:15:29.687223,India
#WorldEmojiDay,http://twitter.com/search?q=%23WorldEmojiDay,%23WorldEmojiDay,39804.0,2021-07-17 12:15:29.687223,India
#KirloskarLimitless,http://twitter.com/search?q=%23KirloskarLimitless,%23KirloskarLimitless,,2021-07-17 12:15:29.687223,India
#देवभूमि_में_बिजली_गारंटी,http://twitter.com/search?q=%23%E0%A4%A6%E0%A5%87%E0%A4%B5%E0%A4%AD%E0%A5%82%E0%A4%AE%E0%A4%BF_%E0%A4%AE%E0%A5%87%E0%A4%82_%E0%A4%AC%E0%A4%BF%E0%A4%9C%E0%A4%B2%E0%A5%80_%E0%A4%97%E0%A4%BE%E0%A4%B0%E0%A4%82%E0%A4%9F%E0%A5%80,%23%E0%A4%A6%E0%A5%87%E0%A4%B5%E0%A4%AD%E0%A5%82%E0%A4%AE%E0%A4%BF_%E0%A4%AE%E0%A5%87%E0%A4%82_%E0%A4%AC%E0%A4%BF%E0%A4%9C%E0%A4%B2%E0%A5%80_%E0%A4%97%E0%A4%BE%E0%A4%B0%E0%A4%82%E0%A4%9F%E0%A5%80,,2021-07-17 12:15:29.687223,India
#हम_नहीं_डरेंगे,http://twitter.com/search?q=%23%E0%A4%B9%E0%A4%AE_%E0%A4%A8%E0%A4%B9%E0%A5%80%E0%A4%82_%E0%A4%A1%E0%A4%B0%E0%A5%87%E0%A4%82%E0%A4%97%E0%A5%87,%23%E0%A4%B9%E0%A4%AE_%E0%A4%A8%E0%A4%B9%E0%A5%80%E0%A4%82_%E0%A4%A1%E0%A4%B0%E0%A5%87%E0%A4%82%E0%A4%97%E0%A5%87,,2021-07-17 12:15:29.687223,India
#Suriya40,http://twitter.com/search?q=%23Suriya40,%23Suriya40,251138.0,2021-07-17 12:15:29.687223,India
#Justice_For_Nemawar_Victims,http://twitter.com/search?q=%23Justice_For_Nemawar_Victims,%23Justice_For_Nemawar_Victims,36971.0,2021-07-17 12:15:29.687223,India
#PromoteCBSEPrivateStudents,http://twitter.com/search?q=%23PromoteCBSEPrivateStudents,%23PromoteCBSEPrivateStudents,290693.0,2021-07-17 12:15:29.687223,India
#आजम_खान_को_रिहा_करो,http://twitter.com/search?q=%23%E0%A4%86%E0%A4%9C%E0%A4%AE_%E0%A4%96%E0%A4%BE%E0%A4%A8_%E0%A4%95%E0%A5%8B_%E0%A4%B0%E0%A4%BF%E0%A4%B9%E0%A4%BE_%E0%A4%95%E0%A4%B0%E0%A5%8B,%23%E0%A4%86%E0%A4%9C%E0%A4%AE_%E0%A4%96%E0%A4%BE%E0%A4%A8_%E0%A4%95%E0%A5%8B_%E0%A4%B0%E0%A4%BF%E0%A4%B9%E0%A4%BE_%E0%A4%95%E0%A4%B0%E0%A5%8B,,2021-07-17 12:15:29.687223,India
#NominatedPostsInAP,http://twitter.com/search?q=%23NominatedPostsInAP,%23NominatedPostsInAP,,2021-07-17 12:15:29.687223,India
#DanishSiddique,http://twitter.com/search?q=%23DanishSiddique,%23DanishSiddique,47747.0,2021-07-17 12:15:29.687223,India
#MahilaonKiAwaazPGV,http://twitter.com/search?q=%23MahilaonKiAwaazPGV,%23MahilaonKiAwaazPGV,,2021-07-17 12:15:29.687223,India
#17YearsOfAtifAslam,http://twitter.com/search?q=%2317YearsOfAtifAslam,%2317YearsOfAtifAslam,,2021-07-17 12:15:29.687223,India
#PermissionToDance1stWin,http://twitter.com/search?q=%23PermissionToDance1stWin,%23PermissionToDance1stWin,166833.0,2021-07-17 12:15:29.687223,India
#Payanam,http://twitter.com/search?q=%23Payanam,%23Payanam,,2021-07-17 12:15:29.687223,India
#OperationHoor,http://twitter.com/search?q=%23OperationHoor,%23OperationHoor,,2021-07-17 12:15:29.687223,India
#प्रियंका_गांधी_शर्म_करो,http://twitter.com/search?q=%23%E0%A4%AA%E0%A5%8D%E0%A4%B0%E0%A4%BF%E0%A4%AF%E0%A4%82%E0%A4%95%E0%A4%BE_%E0%A4%97%E0%A4%BE%E0%A4%82%E0%A4%A7%E0%A5%80_%E0%A4%B6%E0%A4%B0%E0%A5%8D%E0%A4%AE_%E0%A4%95%E0%A4%B0%E0%A5%8B,%23%E0%A4%AA%E0%A5%8D%E0%A4%B0%E0%A4%BF%E0%A4%AF%E0%A4%82%E0%A4%95%E0%A4%BE_%E0%A4%97%E0%A4%BE%E0%A4%82%E0%A4%A7%E0%A5%80_%E0%A4%B6%E0%A4%B0%E0%A5%8D%E0%A4%AE_%E0%A4%95%E0%A4%B0%E0%A5%8B,153517.0,2021-07-17 12:15:29.687223,India
#sharadpawar,http://twitter.com/search?q=%23sharadpawar,%23sharadpawar,,2021-07-17 12:15:29.687223,India
#MixedFeelingsAreOkay,http://twitter.com/search?q=%23MixedFeelingsAreOkay,%23MixedFeelingsAreOkay,,2021-07-17 12:15:29.687223,India
#babychicken,http://twitter.com/search?q=%23babychicken,%23babychicken,,2021-07-17 12:15:29.687223,India
#Vaadivasal,http://twitter.com/search?q=%23Vaadivasal,%23Vaadivasal,14296.0,2021-07-17 12:15:29.687223,India
#SLvIND,http://twitter.com/search?q=%23SLvIND,%23SLvIND,,2021-07-17 12:15:29.687223,India
#DroomRiddle,http://twitter.com/search?q=%23DroomRiddle,%23DroomRiddle,,2021-07-17 12:15:29.687223,India
#SaturdayMotivation,http://twitter.com/search?q=%23SaturdayMotivation,%23SaturdayMotivation,25923.0,2021-07-17 12:15:29.687223,India
#BajrangiBhaijaan,http://twitter.com/search?q=%23BajrangiBhaijaan,%23BajrangiBhaijaan,,2021-07-17 12:15:29.687223,India
#SaturdayVibes,http://twitter.com/search?q=%23SaturdayVibes,%23SaturdayVibes,,2021-07-17 12:15:29.687223,India
#KurtaPajama,http://twitter.com/search?q=%23KurtaPajama,%23KurtaPajama,12867.0,2021-07-17 12:15:29.687223,India
#SaturdayThoughts,http://twitter.com/search?q=%23SaturdayThoughts,%23SaturdayThoughts,28050.0,2021-07-17 12:15:29.687223,India
#DeleteFacebook,http://twitter.com/search?q=%23DeleteFacebook,%23DeleteFacebook,13181.0,2021-07-17 12:15:29.687223,India
#NoMore50,http://twitter.com/search?q=%23NoMore50,%23NoMore50,,2021-07-17 12:15:29.687223,India
#weekendvibes,http://twitter.com/search?q=%23weekendvibes,%23weekendvibes,,2021-07-17 12:15:29.687223,India
#UPSCExtraAttempt,http://twitter.com/search?q=%23UPSCExtraAttempt,%23UPSCExtraAttempt,,2021-07-17 12:15:29.687223,India
#PunjabCongress,http://twitter.com/search?q=%23PunjabCongress,%23PunjabCongress,,2021-07-17 12:15:29.687223,India
#coprifuoco,http://twitter.com/search?q=%23coprifuoco,%23coprifuoco,,2021-07-17 12:15:29.687223,Italy
#17luglio,http://twitter.com/search?q=%2317luglio,%2317luglio,,2021-07-17 12:15:29.687223,Italy
#twittamibeautiful,http://twitter.com/search?q=%23twittamibeautiful,%23twittamibeautiful,,2021-07-17 12:15:29.687223,Italy
#Davigo,http://twitter.com/search?q=%23Davigo,%23Davigo,,2021-07-17 12:15:29.687223,Italy
#LeoLislovedparty,http://twitter.com/search?q=%23LeoLislovedparty,%23LeoLislovedparty,,2021-07-17 12:15:29.687223,Italy
#MH17,http://twitter.com/search?q=%23MH17,%23MH17,17238.0,2021-07-17 12:15:29.687223,Ukraine
#hornyِ,http://twitter.com/search?q=%23horny%D9%90,%23horny%D9%90,24907.0,2021-07-17 12:15:29.687223,Ukraine
#cocktributeِ,http://twitter.com/search?q=%23cocktribute%D9%90,%23cocktribute%D9%90,,2021-07-17 12:15:29.687223,Ukraine
#nsfwِ,http://twitter.com/search?q=%23nsfw%D9%90,%23nsfw%D9%90,55618.0,2021-07-17 12:15:29.687223,Ukraine
#JUNGKOOK,http://twitter.com/search?q=%23JUNGKOOK,%23JUNGKOOK,184606.0,2021-07-17 12:15:29.687223,Ukraine
#PermissiontoDance,http://twitter.com/search?q=%23PermissiontoDance,%23PermissiontoDance,1075062.0,2021-07-17 12:15:29.687223,Ukraine
#jailbaitِ,http://twitter.com/search?q=%23jailbait%D9%90,%23jailbait%D9%90,,2021-07-17 12:15:29.687223,Ukraine
#YiboYHConcert,http://twitter.com/search?q=%23YiboYHConcert,%23YiboYHConcert,36754.0,2021-07-17 12:15:29.687223,Mexico
#FelizSábado,http://twitter.com/search?q=%23FelizS%C3%A1bado,%23FelizS%C3%A1bado,,2021-07-17 12:15:29.687223,Mexico
#KFCKoreanxfandom,http://twitter.com/search?q=%23KFCKoreanxfandom,%23KFCKoreanxfandom,48267.0,2021-07-17 12:15:29.687223,Mexico
#BangChan,http://twitter.com/search?q=%23BangChan,%23BangChan,116673.0,2021-07-17 12:15:29.687223,Mexico
#PermissionToDance1stWin,http://twitter.com/search?q=%23PermissionToDance1stWin,%23PermissionToDance1stWin,166833.0,2021-07-17 12:15:29.687223,Mexico
#SaturdayThoughts,http://twitter.com/search?q=%23SaturdayThoughts,%23SaturdayThoughts,28050.0,2021-07-17 12:15:29.687223,United States
#SaturdayMorning,http://twitter.com/search?q=%23SaturdayMorning,%23SaturdayMorning,,2021-07-17 12:15:29.687223,United States
#SaturdayVibes,http://twitter.com/search?q=%23SaturdayVibes,%23SaturdayVibes,,2021-07-17 12:15:29.687223,United States
#SaturdayMotivation,http://twitter.com/search?q=%23SaturdayMotivation,%23SaturdayMotivation,25964.0,2021-07-17 12:15:29.687223,United States
#WorldEmojiDay,http://twitter.com/search?q=%23WorldEmojiDay,%23WorldEmojiDay,39922.0,2021-07-17 12:15:29.687223,United States
#AFLDeesDogs,http://twitter.com/search?q=%23AFLDeesDogs,%23AFLDeesDogs,,2021-07-24 12:15:29.393506,Australia
#AFLCrowsHawks,http://twitter.com/search?q=%23AFLCrowsHawks,%23AFLCrowsHawks,,2021-07-24 12:15:29.393506,Australia
#sydneyprotest,http://twitter.com/search?q=%23sydneyprotest,%23sydneyprotest,16006.0,2021-07-24 12:15:29.393506,Australia
#NRLPanthersBroncos,http://twitter.com/search?q=%23NRLPanthersBroncos,%23NRLPanthersBroncos,,2021-07-24 12:15:29.393506,Australia
#SWEvAUS,http://twitter.com/search?q=%23SWEvAUS,%23SWEvAUS,,2021-07-24 12:15:29.393506,Australia
#COVIDIOTS,http://twitter.com/search?q=%23COVIDIOTS,%23COVIDIOTS,,2021-07-24 12:15:29.393506,Australia
#matildas,http://twitter.com/search?q=%23matildas,%23matildas,,2021-07-24 12:15:29.393506,Australia
#lockdownprotest,http://twitter.com/search?q=%23lockdownprotest,%23lockdownprotest,,2021-07-24 12:15:29.393506,Australia
#MightyWest,http://twitter.com/search?q=%23MightyWest,%23MightyWest,,2021-07-24 12:15:29.393506,Australia
#freedomrally,http://twitter.com/search?q=%23freedomrally,%23freedomrally,,2021-07-24 12:15:29.393506,Australia
#Swimming,http://twitter.com/search?q=%23Swimming,%23Swimming,,2021-07-24 12:15:29.393506,Australia
#weflyasone,http://twitter.com/search?q=%23weflyasone,%23weflyasone,,2021-07-24 12:15:29.393506,Australia
#Melbourneprotest,http://twitter.com/search?q=%23Melbourneprotest,%23Melbourneprotest,,2021-07-24 12:15:29.393506,Australia
#AFLEaglesSaints,http://twitter.com/search?q=%23AFLEaglesSaints,%23AFLEaglesSaints,,2021-07-24 12:15:29.393506,Australia
#NRLManlyTigers,http://twitter.com/search?q=%23NRLManlyTigers,%23NRLManlyTigers,,2021-07-24 12:15:29.393506,Australia
#SplendourXR,http://twitter.com/search?q=%23SplendourXR,%23SplendourXR,,2021-07-24 12:15:29.393506,Australia
#tiktokguy,http://twitter.com/search?q=%23tiktokguy,%23tiktokguy,,2021-07-24 12:15:29.393506,Australia
#7Olympics,http://twitter.com/search?q=%237Olympics,%237Olympics,,2021-07-24 12:15:29.393506,Australia
#freedumb,http://twitter.com/search?q=%23freedumb,%23freedumb,,2021-07-24 12:15:29.393506,Australia
#AFLLionsSuns,http://twitter.com/search?q=%23AFLLionsSuns,%23AFLLionsSuns,,2021-07-24 12:15:29.393506,Australia
#morons,http://twitter.com/search?q=%23morons,%23morons,,2021-07-24 12:15:29.393506,Australia
#CyclingRoad,http://twitter.com/search?q=%23CyclingRoad,%23CyclingRoad,71889.0,2021-07-24 12:15:29.393506,Australia
#aflbluesroos,http://twitter.com/search?q=%23aflbluesroos,%23aflbluesroos,,2021-07-24 12:15:29.393506,Australia
#NRLSouthsWarriors,http://twitter.com/search?q=%23NRLSouthsWarriors,%23NRLSouthsWarriors,,2021-07-24 12:15:29.393506,Australia
#BRAxHOL,http://twitter.com/search?q=%23BRAxHOL,%23BRAxHOL,,2021-07-24 12:15:29.393506,Brazil
#GuerreirasDoBrasil,http://twitter.com/search?q=%23GuerreirasDoBrasil,%23GuerreirasDoBrasil,,2021-07-24 12:15:29.393506,Brazil
#24JForaBolsonaro,http://twitter.com/search?q=%2324JForaBolsonaro,%2324JForaBolsonaro,40849.0,2021-07-24 12:15:29.393506,Brazil
#FutebolFeminino,http://twitter.com/search?q=%23FutebolFeminino,%23FutebolFeminino,,2021-07-24 12:15:29.393506,Brazil
#olimpiadastokio2021,http://twitter.com/search?q=%23olimpiadastokio2021,%23olimpiadastokio2021,,2021-07-24 12:15:29.393506,Brazil
#NHLDraft,http://twitter.com/search?q=%23NHLDraft,%23NHLDraft,26377.0,2021-07-24 12:15:29.393506,Canada
#Tokyo2020,http://twitter.com/search?q=%23Tokyo2020,%23Tokyo2020,2943570.0,2021-07-24 12:15:29.393506,Canada
#Canucks,http://twitter.com/search?q=%23Canucks,%23Canucks,,2021-07-24 12:15:29.393506,Canada
#TeamCanada,http://twitter.com/search?q=%23TeamCanada,%23TeamCanada,,2021-07-24 12:15:29.393506,Canada
#11YearsOfOneDirection,http://twitter.com/search?q=%2311YearsOfOneDirection,%2311YearsOfOneDirection,825439.0,2021-07-24 12:15:29.393506,Canada
#AntiPassSanitaire,http://twitter.com/search?q=%23AntiPassSanitaire,%23AntiPassSanitaire,14774.0,2021-07-24 12:15:29.393506,France
#Judo,http://twitter.com/search?q=%23Judo,%23Judo,23719.0,2021-07-24 12:15:29.393506,France
#manifs24juillet,http://twitter.com/search?q=%23manifs24juillet,%23manifs24juillet,59638.0,2021-07-24 12:15:29.393506,France
#RCLSDR,http://twitter.com/search?q=%23RCLSDR,%23RCLSDR,,2021-07-24 12:15:29.393506,France
#Tokyo2020,http://twitter.com/search?q=%23Tokyo2020,%23Tokyo2020,2943570.0,2021-07-24 12:15:29.393506,France
#JOTokyo,http://twitter.com/search?q=%23JOTokyo,%23JOTokyo,,2021-07-24 12:15:29.393506,France
#ENHYPEN_JAY,http://twitter.com/search?q=%23ENHYPEN_JAY,%23ENHYPEN_JAY,171630.0,2021-07-24 12:15:29.393506,France
#엔하이픈_제이,http://twitter.com/search?q=%23%EC%97%94%ED%95%98%EC%9D%B4%ED%94%88_%EC%A0%9C%EC%9D%B4,%23%EC%97%94%ED%95%98%EC%9D%B4%ED%94%88_%EC%A0%9C%EC%9D%B4,166436.0,2021-07-24 12:15:29.393506,France
#SB29FCN,http://twitter.com/search?q=%23SB29FCN,%23SB29FCN,,2021-07-24 12:15:29.393506,France
#S04HSV,http://twitter.com/search?q=%23S04HSV,%23S04HSV,10976.0,2021-07-24 12:15:29.393506,Germany
#Olympics,http://twitter.com/search?q=%23Olympics,%23Olympics,1167028.0,2021-07-24 12:15:29.393506,Germany
#HROKSC,http://twitter.com/search?q=%23HROKSC,%23HROKSC,,2021-07-24 12:15:29.393506,Germany
#OlympischeSpiele,http://twitter.com/search?q=%23OlympischeSpiele,%23OlympischeSpiele,,2021-07-24 12:15:29.393506,Germany
#SchleFaZ,http://twitter.com/search?q=%23SchleFaZ,%23SchleFaZ,,2021-07-24 12:15:29.393506,Germany
#MirabaiChanu,http://twitter.com/search?q=%23MirabaiChanu,%23MirabaiChanu,145184.0,2021-07-24 12:15:29.393506,India
#Tokyo2020,http://twitter.com/search?q=%23Tokyo2020,%23Tokyo2020,2811677.0,2021-07-24 12:15:29.393506,India
#Weightlifting,http://twitter.com/search?q=%23Weightlifting,%23Weightlifting,73514.0,2021-07-24 12:15:29.393506,India
#CongressBetrayedBharat,http://twitter.com/search?q=%23CongressBetrayedBharat,%23CongressBetrayedBharat,40256.0,2021-07-24 12:15:29.393506,India
#JindagiBookLaunch,http://twitter.com/search?q=%23JindagiBookLaunch,%23JindagiBookLaunch,,2021-07-24 12:15:29.393506,India
#DhamkiNahiNaukriDo,http://twitter.com/search?q=%23DhamkiNahiNaukriDo,%23DhamkiNahiNaukriDo,47425.0,2021-07-24 12:15:29.393506,India
#ProjectK,http://twitter.com/search?q=%23ProjectK,%23ProjectK,89940.0,2021-07-24 12:15:29.393506,India
#Cheer4India,http://twitter.com/search?q=%23Cheer4India,%23Cheer4India,177977.0,2021-07-24 12:15:29.393506,India
#मीराबाई_चानू,http://twitter.com/search?q=%23%E0%A4%AE%E0%A5%80%E0%A4%B0%E0%A4%BE%E0%A4%AC%E0%A4%BE%E0%A4%88_%E0%A4%9A%E0%A4%BE%E0%A4%A8%E0%A5%82,%23%E0%A4%AE%E0%A5%80%E0%A4%B0%E0%A4%BE%E0%A4%AC%E0%A4%BE%E0%A4%88_%E0%A4%9A%E0%A4%BE%E0%A4%A8%E0%A5%82,,2021-07-24 12:15:29.393506,India
#AmazonPrimeDayMi11X5G,http://twitter.com/search?q=%23AmazonPrimeDayMi11X5G,%23AmazonPrimeDayMi11X5G,,2021-07-24 12:15:29.393506,India
#ICSEResult,http://twitter.com/search?q=%23ICSEResult,%23ICSEResult,,2021-07-24 12:15:29.393506,India
#TableTennis,http://twitter.com/search?q=%23TableTennis,%23TableTennis,10090.0,2021-07-24 12:15:29.393506,India
#TeamIndia,http://twitter.com/search?q=%23TeamIndia,%23TeamIndia,108581.0,2021-07-24 12:15:29.393506,India
#rbse,http://twitter.com/search?q=%23rbse,%23rbse,,2021-07-24 12:15:29.393506,India
#gurupoornima,http://twitter.com/search?q=%23gurupoornima,%23gurupoornima,12040.0,2021-07-24 12:15:29.393506,India
#લૂંટેરી_ભાજપ_સરકાર,http://twitter.com/search?q=%23%E0%AA%B2%E0%AB%82%E0%AA%82%E0%AA%9F%E0%AB%87%E0%AA%B0%E0%AB%80_%E0%AA%AD%E0%AA%BE%E0%AA%9C%E0%AA%AA_%E0%AA%B8%E0%AA%B0%E0%AA%95%E0%AA%BE%E0%AA%B0,%23%E0%AA%B2%E0%AB%82%E0%AA%82%E0%AA%9F%E0%AB%87%E0%AA%B0%E0%AB%80_%E0%AA%AD%E0%AA%BE%E0%AA%9C%E0%AA%AA_%E0%AA%B8%E0%AA%B0%E0%AA%95%E0%AA%BE%E0%AA%B0,,2021-07-24 12:15:29.393506,India
#Prabhas,http://twitter.com/search?q=%23Prabhas,%23Prabhas,159633.0,2021-07-24 12:15:29.393506,India
#SmartphonesOnAmazonPrimeDay,http://twitter.com/search?q=%23SmartphonesOnAmazonPrimeDay,%23SmartphonesOnAmazonPrimeDay,,2021-07-24 12:15:29.393506,India
#ProudMoment,http://twitter.com/search?q=%23ProudMoment,%23ProudMoment,,2021-07-24 12:15:29.393506,India
#womenpower,http://twitter.com/search?q=%23womenpower,%23womenpower,,2021-07-24 12:15:29.393506,India
#boxing,http://twitter.com/search?q=%23boxing,%23boxing,,2021-07-24 12:15:29.393506,India
#AmitabhBachchan,http://twitter.com/search?q=%23AmitabhBachchan,%23AmitabhBachchan,23001.0,2021-07-24 12:15:29.393506,India
#ENHYPEN_JAY,http://twitter.com/search?q=%23ENHYPEN_JAY,%23ENHYPEN_JAY,171630.0,2021-07-24 12:15:29.393506,India
#iscresults,http://twitter.com/search?q=%23iscresults,%23iscresults,,2021-07-24 12:15:29.393506,India
#Tokyo2020,http://twitter.com/search?q=%23Tokyo2020,%23Tokyo2020,3008661.0,2021-07-24 12:15:29.393506,Italy
#giochiolimpici,http://twitter.com/search?q=%23giochiolimpici,%23giochiolimpici,23043.0,2021-07-24 12:15:29.393506,Italy
#greenpass,http://twitter.com/search?q=%23greenpass,%23greenpass,29633.0,2021-07-24 12:15:29.393506,Italy
#Olympics,http://twitter.com/search?q=%23Olympics,%23Olympics,1167714.0,2021-07-24 12:15:29.393506,Italy
#11YearsOfOneDirection,http://twitter.com/search?q=%2311YearsOfOneDirection,%2311YearsOfOneDirection,825456.0,2021-07-24 12:15:29.393506,Italy
#11YearsOfOneDirection,http://twitter.com/search?q=%2311YearsOfOneDirection,%2311YearsOfOneDirection,825386.0,2021-07-24 12:15:29.393506,Ukraine
#Tokyo2020,http://twitter.com/search?q=%23Tokyo2020,%23Tokyo2020,3008661.0,2021-07-24 12:15:29.393506,Ukraine
#FridayLivestream,http://twitter.com/search?q=%23FridayLivestream,%23FridayLivestream,455978.0,2021-07-24 12:15:29.393506,Ukraine
#Olympics,http://twitter.com/search?q=%23Olympics,%23Olympics,1167714.0,2021-07-24 12:15:29.393506,Ukraine
#naughtyِ,http://twitter.com/search?q=%23naughty%D9%90,%23naughty%D9%90,,2021-07-24 12:15:29.393506,Ukraine
#Archery,http://twitter.com/search?q=%23Archery,%23Archery,46946.0,2021-07-24 12:15:29.393506,Mexico
#Bronce,http://twitter.com/search?q=%23Bronce,%23Bronce,,2021-07-24 12:15:29.393506,Mexico
#FelizSabado,http://twitter.com/search?q=%23FelizSabado,%23FelizSabado,,2021-07-24 12:15:29.393506,Mexico
#TiroconArco,http://twitter.com/search?q=%23TiroconArco,%23TiroconArco,,2021-07-24 12:15:29.393506,Mexico
#Tokyo2020,http://twitter.com/search?q=%23Tokyo2020,%23Tokyo2020,2811677.0,2021-07-24 12:15:29.393506,Mexico
#DanielEnTokyo,http://twitter.com/search?q=%23DanielEnTokyo,%23DanielEnTokyo,13517.0,2021-07-24 12:15:29.393506,Mexico
#VLIVE,http://twitter.com/search?q=%23VLIVE,%23VLIVE,12616.0,2021-07-24 12:15:29.393506,Mexico
#SomosAmérica,http://twitter.com/search?q=%23SomosAm%C3%A9rica,%23SomosAm%C3%A9rica,,2021-07-24 12:15:29.393506,Mexico
#SiempreÁguilas,http://twitter.com/search?q=%23Siempre%C3%81guilas,%23Siempre%C3%81guilas,,2021-07-24 12:15:29.393506,Mexico
#btsonfallon,http://twitter.com/search?q=%23btsonfallon,%23btsonfallon,411332.0,2021-07-24 12:15:29.393506,Mexico
#olimpiadastokio2021,http://twitter.com/search?q=%23olimpiadastokio2021,%23olimpiadastokio2021,,2021-07-24 12:15:29.393506,Mexico
#VamosConTokyo,http://twitter.com/search?q=%23VamosConTokyo,%23VamosConTokyo,10258.0,2021-07-24 12:15:29.393506,Mexico
#OlympicGames,http://twitter.com/search?q=%23OlympicGames,%23OlympicGames,209739.0,2021-07-24 12:15:29.393506,Mexico
#USWNT,http://twitter.com/search?q=%23USWNT,%23USWNT,,2021-07-24 12:15:29.393506,United States
#SaturdayMorning,http://twitter.com/search?q=%23SaturdayMorning,%23SaturdayMorning,,2021-07-24 12:15:29.393506,United States
#NZLvUSA,http://twitter.com/search?q=%23NZLvUSA,%23NZLvUSA,,2021-07-24 12:15:29.393506,United States
#SaturdayVibes,http://twitter.com/search?q=%23SaturdayVibes,%23SaturdayVibes,,2021-07-24 12:15:29.393506,United States
#TequilaMayCause,http://twitter.com/search?q=%23TequilaMayCause,%23TequilaMayCause,,2021-07-24 12:15:29.393506,United States
#Athletics,http://twitter.com/search?q=%23Athletics,%23Athletics,52002.0,2021-07-31 12:15:52.445725,Australia
#AFLPiesEagles,http://twitter.com/search?q=%23AFLPiesEagles,%23AFLPiesEagles,,2021-07-31 12:15:52.445725,Australia
#TokyoOlympics2020,http://twitter.com/search?q=%23TokyoOlympics2020,%23TokyoOlympics2020,35100.0,2021-07-31 12:15:52.445725,Australia
#gbrvaus,http://twitter.com/search?q=%23gbrvaus,%23gbrvaus,,2021-07-31 12:15:52.445725,Australia
#100m,http://twitter.com/search?q=%23100m,%23100m,,2021-07-31 12:15:52.445725,Australia
#Tennis,http://twitter.com/search?q=%23Tennis,%23Tennis,29402.0,2021-07-31 12:15:52.445725,Brazil
#BRAxEGI,http://twitter.com/search?q=%23BRAxEGI,%23BRAxEGI,,2021-07-31 12:15:52.445725,Brazil
#FutebolMasculino,http://twitter.com/search?q=%23FutebolMasculino,%23FutebolMasculino,,2021-07-31 12:15:52.445725,Brazil
#VoleiFeminino,http://twitter.com/search?q=%23VoleiFeminino,%23VoleiFeminino,,2021-07-31 12:15:52.445725,Brazil
#F1noBandSports,http://twitter.com/search?q=%23F1noBandSports,%23F1noBandSports,,2021-07-31 12:15:52.445725,Brazil
#BlueJays,http://twitter.com/search?q=%23BlueJays,%23BlueJays,10695.0,2021-07-31 12:15:52.445725,Canada
#Athletics,http://twitter.com/search?q=%23Athletics,%23Athletics,51909.0,2021-07-31 12:15:52.445725,Canada
#longweekend,http://twitter.com/search?q=%23longweekend,%23longweekend,,2021-07-31 12:15:52.445725,Canada
#2021STAYweeK,http://twitter.com/search?q=%232021STAYweeK,%232021STAYweeK,1392189.0,2021-07-31 12:15:52.445725,Canada
#Caturday,http://twitter.com/search?q=%23Caturday,%23Caturday,,2021-07-31 12:15:52.445725,Canada
#Judo,http://twitter.com/search?q=%23Judo,%23Judo,34643.0,2021-07-31 12:15:52.445725,France
#JeuxOlympiques,http://twitter.com/search?q=%23JeuxOlympiques,%23JeuxOlympiques,25626.0,2021-07-31 12:15:52.445725,France
#manifestation31juillet,http://twitter.com/search?q=%23manifestation31juillet,%23manifestation31juillet,36082.0,2021-07-31 12:15:52.445725,France
#manif31juillet,http://twitter.com/search?q=%23manif31juillet,%23manif31juillet,65374.0,2021-07-31 12:15:52.445725,France
#escrime,http://twitter.com/search?q=%23escrime,%23escrime,,2021-07-31 12:15:52.445725,France
#Laschetschreibtab,http://twitter.com/search?q=%23Laschetschreibtab,%23Laschetschreibtab,12253.0,2021-07-31 12:15:52.445725,Germany
#h96hro,http://twitter.com/search?q=%23h96hro,%23h96hro,,2021-07-31 12:15:52.445725,Germany
#스테이위크,http://twitter.com/search?q=%23%EC%8A%A4%ED%85%8C%EC%9D%B4%EC%9C%84%ED%81%AC,%23%EC%8A%A4%ED%85%8C%EC%9D%B4%EC%9C%84%ED%81%AC,1357722.0,2021-07-31 12:15:52.445725,Germany
#EndeGelaende,http://twitter.com/search?q=%23EndeGelaende,%23EndeGelaende,,2021-07-31 12:15:52.445725,Germany
#H96FCH,http://twitter.com/search?q=%23H96FCH,%23H96FCH,,2021-07-31 12:15:52.445725,Germany
#PVSindhu,http://twitter.com/search?q=%23PVSindhu,%23PVSindhu,21862.0,2021-07-31 12:15:52.445725,India
#SarkaruVaariPaata,http://twitter.com/search?q=%23SarkaruVaariPaata,%23SarkaruVaariPaata,907570.0,2021-07-31 12:15:52.445725,India
#SVPFirstNotice,http://twitter.com/search?q=%23SVPFirstNotice,%23SVPFirstNotice,365139.0,2021-07-31 12:15:52.445725,India
#ShahenshahSSMBOnTheWay,http://twitter.com/search?q=%23ShahenshahSSMBOnTheWay,%23ShahenshahSSMBOnTheWay,171178.0,2021-07-31 12:15:52.445725,India
#TaiTzuYing,http://twitter.com/search?q=%23TaiTzuYing,%23TaiTzuYing,,2021-07-31 12:15:52.445725,India
#Badminton,http://twitter.com/search?q=%23Badminton,%23Badminton,283397.0,2021-07-31 12:15:52.445725,India
#Olympics2020,http://twitter.com/search?q=%23Olympics2020,%23Olympics2020,41702.0,2021-07-31 12:15:52.445725,India
#babulsupriyo,http://twitter.com/search?q=%23babulsupriyo,%23babulsupriyo,,2021-07-31 12:15:52.445725,India
#Semifinal,http://twitter.com/search?q=%23Semifinal,%23Semifinal,,2021-07-31 12:15:52.445725,India
#SuperStarBirthdayBLASTER,http://twitter.com/search?q=%23SuperStarBirthdayBLASTER,%23SuperStarBirthdayBLASTER,56425.0,2021-07-31 12:15:52.445725,India
#Abyss20M,http://twitter.com/search?q=%23Abyss20M,%23Abyss20M,79164.0,2021-07-31 12:15:52.445725,India
#DontKillMerit,http://twitter.com/search?q=%23DontKillMerit,%23DontKillMerit,31115.0,2021-07-31 12:15:52.445725,India
#MaheshBabu,http://twitter.com/search?q=%23MaheshBabu,%23MaheshBabu,49809.0,2021-07-31 12:15:52.445725,India
#हम_आरक्षण_के_ख़िलाफ़_है,http://twitter.com/search?q=%23%E0%A4%B9%E0%A4%AE_%E0%A4%86%E0%A4%B0%E0%A4%95%E0%A5%8D%E0%A4%B7%E0%A4%A3_%E0%A4%95%E0%A5%87_%E0%A4%96%E0%A4%BC%E0%A4%BF%E0%A4%B2%E0%A4%BE%E0%A4%AB%E0%A4%BC_%E0%A4%B9%E0%A5%88,%23%E0%A4%B9%E0%A4%AE_%E0%A4%86%E0%A4%B0%E0%A4%95%E0%A5%8D%E0%A4%B7%E0%A4%A3_%E0%A4%95%E0%A5%87_%E0%A4%96%E0%A4%BC%E0%A4%BF%E0%A4%B2%E0%A4%BE%E0%A4%AB%E0%A4%BC_%E0%A4%B9%E0%A5%88,37642.0,2021-07-31 12:15:52.445725,India
#SelfiePullaHits100MViews,http://twitter.com/search?q=%23SelfiePullaHits100MViews,%23SelfiePullaHits100MViews,103222.0,2021-07-31 12:15:52.445725,India
#UPBOARDRESULT2021,http://twitter.com/search?q=%23UPBOARDRESULT2021,%23UPBOARDRESULT2021,,2021-07-31 12:15:52.445725,India
#BesharamPatra,http://twitter.com/search?q=%23BesharamPatra,%23BesharamPatra,15587.0,2021-07-31 12:15:52.445725,India
#CovEid,http://twitter.com/search?q=%23CovEid,%23CovEid,16387.0,2021-07-31 12:15:52.445725,India
#RenziFaiSchifo,http://twitter.com/search?q=%23RenziFaiSchifo,%23RenziFaiSchifo,,2021-07-31 12:15:52.445725,Italy
#Jacobs,http://twitter.com/search?q=%23Jacobs,%23Jacobs,,2021-07-31 12:15:52.445725,Italy
#GaetanoCurreri,http://twitter.com/search?q=%23GaetanoCurreri,%23GaetanoCurreri,,2021-07-31 12:15:52.445725,Italy
#Athletics,http://twitter.com/search?q=%23Athletics,%23Athletics,51911.0,2021-07-31 12:15:52.445725,Italy
#HarryPotter,http://twitter.com/search?q=%23HarryPotter,%23HarryPotter,,2021-07-31 12:15:52.445725,Italy
#31luglio,http://twitter.com/search?q=%2331luglio,%2331luglio,,2021-07-31 12:15:52.445725,Italy
#GiochiOlimpici,http://twitter.com/search?q=%23GiochiOlimpici,%23GiochiOlimpici,15329.0,2021-07-31 12:15:52.445725,Italy
#redditodicittadinanza,http://twitter.com/search?q=%23redditodicittadinanza,%23redditodicittadinanza,,2021-07-31 12:15:52.445725,Italy
#Nespoli,http://twitter.com/search?q=%23Nespoli,%23Nespoli,,2021-07-31 12:15:52.445725,Italy
#Rocchi,http://twitter.com/search?q=%23Rocchi,%23Rocchi,,2021-07-31 12:15:52.445725,Italy
#finestreaperte,http://twitter.com/search?q=%23finestreaperte,%23finestreaperte,,2021-07-31 12:15:52.445725,Italy
#ItaliaTeam,http://twitter.com/search?q=%23ItaliaTeam,%23ItaliaTeam,15948.0,2021-07-31 12:15:52.445725,Italy
#ZaynMalik,http://twitter.com/search?q=%23ZaynMalik,%23ZaynMalik,19577.0,2021-07-31 12:15:52.445725,Italy
#Pizzolato,http://twitter.com/search?q=%23Pizzolato,%23Pizzolato,,2021-07-31 12:15:52.445725,Italy
#Weightlifting,http://twitter.com/search?q=%23Weightlifting,%23Weightlifting,,2021-07-31 12:15:52.445725,Italy
#Stadio,http://twitter.com/search?q=%23Stadio,%23Stadio,,2021-07-31 12:15:52.445725,Italy
#atletica,http://twitter.com/search?q=%23atletica,%23atletica,,2021-07-31 12:15:52.445725,Italy
#HungarianGP,http://twitter.com/search?q=%23HungarianGP,%23HungarianGP,37888.0,2021-07-31 12:15:52.445725,Italy
#Bennacer,http://twitter.com/search?q=%23Bennacer,%23Bennacer,,2021-07-31 12:15:52.445725,Italy
#OlimpiadiTokyo2020,http://twitter.com/search?q=%23OlimpiadiTokyo2020,%23OlimpiadiTokyo2020,,2021-07-31 12:15:52.445725,Italy
#Archery,http://twitter.com/search?q=%23Archery,%23Archery,62090.0,2021-07-31 12:15:52.445725,Italy
#Waterpolo,http://twitter.com/search?q=%23Waterpolo,%23Waterpolo,,2021-07-31 12:15:52.445725,Italy
#TiroConArco,http://twitter.com/search?q=%23TiroConArco,%23TiroConArco,,2021-07-31 12:15:52.445725,Italy
#Michetti,http://twitter.com/search?q=%23Michetti,%23Michetti,,2021-07-31 12:15:52.445725,Italy
#OlimpiadiTipo,http://twitter.com/search?q=%23OlimpiadiTipo,%23OlimpiadiTipo,,2021-07-31 12:15:52.445725,Italy
#bronzo,http://twitter.com/search?q=%23bronzo,%23bronzo,,2021-07-31 12:15:52.445725,Italy
#tennis,http://twitter.com/search?q=%23tennis,%23tennis,29399.0,2021-07-31 12:15:52.445725,Italy
#Nandez,http://twitter.com/search?q=%23Nandez,%23Nandez,,2021-07-31 12:15:52.445725,Italy
#otazzurri,http://twitter.com/search?q=%23otazzurri,%23otazzurri,,2021-07-31 12:15:52.445725,Italy
#2021STAYweeK,http://twitter.com/search?q=%232021STAYweeK,%232021STAYweeK,1392189.0,2021-07-31 12:15:52.445725,Ukraine
#스테이위크,http://twitter.com/search?q=%23%EC%8A%A4%ED%85%8C%EC%9D%B4%EC%9C%84%ED%81%AC,%23%EC%8A%A4%ED%85%8C%EC%9D%B4%EC%9C%84%ED%81%AC,1357843.0,2021-07-31 12:15:52.445725,Ukraine
#Dreamcatcher_BEcause,http://twitter.com/search?q=%23Dreamcatcher_BEcause,%23Dreamcatcher_BEcause,26084.0,2021-07-31 12:15:52.445725,Ukraine
#드림캐쳐,http://twitter.com/search?q=%23%EB%93%9C%EB%A6%BC%EC%BA%90%EC%B3%90,%23%EB%93%9C%EB%A6%BC%EC%BA%90%EC%B3%90,86621.0,2021-07-31 12:15:52.445725,Ukraine
#shakhtar,http://twitter.com/search?q=%23shakhtar,%23shakhtar,,2021-07-31 12:15:52.445725,Ukraine
#DespiertoConGanasDe,http://twitter.com/search?q=%23DespiertoConGanasDe,%23DespiertoConGanasDe,,2021-07-31 12:15:52.445725,Mexico
#ElOroEsNuestro,http://twitter.com/search?q=%23ElOroEsNuestro,%23ElOroEsNuestro,,2021-07-31 12:15:52.445725,Mexico
#MIC_ON4_ASTRO,http://twitter.com/search?q=%23MIC_ON4_ASTRO,%23MIC_ON4_ASTRO,,2021-07-31 12:15:52.445725,Mexico
#FelizSabado,http://twitter.com/search?q=%23FelizSabado,%23FelizSabado,,2021-07-31 12:15:52.445725,Mexico
#Tennis,http://twitter.com/search?q=%23Tennis,%23Tennis,29402.0,2021-07-31 12:15:52.445725,Mexico
#beachvolleyball,http://twitter.com/search?q=%23beachvolleyball,%23beachvolleyball,,2021-07-31 12:15:52.445725,Mexico
#HungarianGP,http://twitter.com/search?q=%23HungarianGP,%23HungarianGP,37923.0,2021-07-31 12:15:52.445725,Mexico
#Golf,http://twitter.com/search?q=%23Golf,%23Golf,,2021-07-31 12:15:52.445725,Mexico
#ConsultaPitera,http://twitter.com/search?q=%23ConsultaPitera,%23ConsultaPitera,,2021-07-31 12:15:52.445725,Mexico
#SaturdayThoughts,http://twitter.com/search?q=%23SaturdayThoughts,%23SaturdayThoughts,29455.0,2021-07-31 12:15:52.445725,United States
#SaturdayMorning,http://twitter.com/search?q=%23SaturdayMorning,%23SaturdayMorning,,2021-07-31 12:15:52.445725,United States
#SaturdayVibes,http://twitter.com/search?q=%23SaturdayVibes,%23SaturdayVibes,,2021-07-31 12:15:52.445725,United States
#SaturdayMotivation,http://twitter.com/search?q=%23SaturdayMotivation,%23SaturdayMotivation,13249.0,2021-07-31 12:15:52.445725,United States
#SummertimeCelebrities,http://twitter.com/search?q=%23SummertimeCelebrities,%23SummertimeCelebrities,,2021-07-31 12:15:52.445725,United States
